{
  "episodes": 5,
  "config": {
    "source": "GEO_node_8891905584",
    "speciality": "maternal",
    "patients_per_episode": 80,
    "wait_increment": 3,
    "recovery_interval": 5,
    "recovery_amount": 2,
    "overload_penalty": 30.0,
    "travel_weight": 1.0,
    "wait_weight": 1.0,
    "fairness_penalty": 0.0,
    "seed": 42,
    "model_path": "models\\ppo_referral_kenya_mapped_v3.zip"
  },
  "composite_weights": {
    "reward": 1.0,
    "travel": 0.6,
    "wait": 0.8,
    "hhi": 0.4,
    "entropy_gap": 0.2,
    "overloads": 0.4
  },
  "metrics": {
    "ppo": {
      "avg_reward_per_episode": -61.05000000000001,
      "avg_overloads_per_episode": 0.0,
      "avg_travel": 21.3375,
      "avg_wait": 54.975,
      "failure_rate": 0.0,
      "fallback_rate": 0.0,
      "entropy_norm": 0.9920993798346656,
      "hhi": 0.20500000000000002,
      "destination_distribution": {
        "GEO_node_7930813009": 95,
        "GEO_node_698541835": 90,
        "GEO_node_8891939522": 85,
        "GEO_node_6249168537": 65,
        "GEO_node_8416005417": 65
      }
    },
    "heuristic": {
      "avg_reward_per_episode": -62.289999999999985,
      "avg_overloads_per_episode": 0.0,
      "avg_travel": 20.325,
      "avg_wait": 57.5375,
      "failure_rate": 0.0,
      "fallback_rate": 0.0,
      "entropy_norm": 0.9862496245281965,
      "hhi": 0.20968749999999997,
      "destination_distribution": {
        "GEO_node_8891939522": 115,
        "GEO_node_8416005417": 70,
        "GEO_node_6249168537": 70,
        "GEO_node_7930813009": 75,
        "GEO_node_698541835": 70
      }
    },
    "random": {
      "avg_reward_per_episode": -190.63399999999996,
      "avg_overloads_per_episode": 0.0,
      "avg_travel": 220.175,
      "avg_wait": 18.1175,
      "failure_rate": 0.0,
      "fallback_rate": 0.0,
      "entropy_norm": 0.993718944757206,
      "hhi": 0.0860375,
      "destination_distribution": {
        "GEO_node_10008257217": 37,
        "GEO_node_4581729090": 44,
        "GEO_node_698541835": 32,
        "GEO_node_10578185742": 31,
        "GEO_node_6798591056": 29,
        "GEO_node_6249168537": 45,
        "GEO_node_5588170686": 28,
        "GEO_node_8891939522": 38,
        "GEO_node_9447253609": 31,
        "GEO_node_8191042341": 31,
        "GEO_node_8416005417": 28,
        "GEO_node_7930813009": 26
      }
    }
  },
  "ranking_reward": [
    {
      "policy": "ppo",
      "metrics": {
        "avg_reward_per_episode": -61.05000000000001,
        "avg_overloads_per_episode": 0.0,
        "avg_travel": 21.3375,
        "avg_wait": 54.975,
        "failure_rate": 0.0,
        "fallback_rate": 0.0,
        "entropy_norm": 0.9920993798346656,
        "hhi": 0.20500000000000002,
        "destination_distribution": {
          "GEO_node_7930813009": 95,
          "GEO_node_698541835": 90,
          "GEO_node_8891939522": 85,
          "GEO_node_6249168537": 65,
          "GEO_node_8416005417": 65
        }
      }
    },
    {
      "policy": "heuristic",
      "metrics": {
        "avg_reward_per_episode": -62.289999999999985,
        "avg_overloads_per_episode": 0.0,
        "avg_travel": 20.325,
        "avg_wait": 57.5375,
        "failure_rate": 0.0,
        "fallback_rate": 0.0,
        "entropy_norm": 0.9862496245281965,
        "hhi": 0.20968749999999997,
        "destination_distribution": {
          "GEO_node_8891939522": 115,
          "GEO_node_8416005417": 70,
          "GEO_node_6249168537": 70,
          "GEO_node_7930813009": 75,
          "GEO_node_698541835": 70
        }
      }
    },
    {
      "policy": "random",
      "metrics": {
        "avg_reward_per_episode": -190.63399999999996,
        "avg_overloads_per_episode": 0.0,
        "avg_travel": 220.175,
        "avg_wait": 18.1175,
        "failure_rate": 0.0,
        "fallback_rate": 0.0,
        "entropy_norm": 0.993718944757206,
        "hhi": 0.0860375,
        "destination_distribution": {
          "GEO_node_10008257217": 37,
          "GEO_node_4581729090": 44,
          "GEO_node_698541835": 32,
          "GEO_node_10578185742": 31,
          "GEO_node_6798591056": 29,
          "GEO_node_6249168537": 45,
          "GEO_node_5588170686": 28,
          "GEO_node_8891939522": 38,
          "GEO_node_9447253609": 31,
          "GEO_node_8191042341": 31,
          "GEO_node_8416005417": 28,
          "GEO_node_7930813009": 26
        }
      }
    }
  ],
  "ranking_composite": [
    {
      "policy": "ppo",
      "metrics": {
        "avg_reward_per_episode": -61.05000000000001,
        "avg_overloads_per_episode": 0.0,
        "avg_travel": 21.3375,
        "avg_wait": 54.975,
        "failure_rate": 0.0,
        "fallback_rate": 0.0,
        "entropy_norm": 0.9920993798346656,
        "hhi": 0.20500000000000002,
        "destination_distribution": {
          "GEO_node_7930813009": 95,
          "GEO_node_698541835": 90,
          "GEO_node_8891939522": 85,
          "GEO_node_6249168537": 65,
          "GEO_node_8416005417": 65
        }
      },
      "composite": {
        "composite_score": 1.1792377438879824,
        "reward_norm": 0.0,
        "travel_norm": 0.005066299724793591,
        "wait_norm": 0.9349949264332826,
        "hhi_norm": 0.9620905782450468,
        "entropy_gap_norm": 0.21682895804230692,
        "overload_norm": 0.0
      }
    },
    {
      "policy": "heuristic",
      "metrics": {
        "avg_reward_per_episode": -62.289999999999985,
        "avg_overloads_per_episode": 0.0,
        "avg_travel": 20.325,
        "avg_wait": 57.5375,
        "failure_rate": 0.0,
        "fallback_rate": 0.0,
        "entropy_norm": 0.9862496245281965,
        "hhi": 0.20968749999999997,
        "destination_distribution": {
          "GEO_node_8891939522": 115,
          "GEO_node_8416005417": 70,
          "GEO_node_6249168537": 70,
          "GEO_node_7930813009": 75,
          "GEO_node_698541835": 70
        }
      },
      "composite": {
        "composite_score": 1.4095690826027905,
        "reward_norm": 0.009569082602790269,
        "travel_norm": 0.0,
        "wait_norm": 1.0,
        "hhi_norm": 1.0,
        "entropy_gap_norm": 1.0,
        "overload_norm": 0.0
      }
    },
    {
      "policy": "random",
      "metrics": {
        "avg_reward_per_episode": -190.63399999999996,
        "avg_overloads_per_episode": 0.0,
        "avg_travel": 220.175,
        "avg_wait": 18.1175,
        "failure_rate": 0.0,
        "fallback_rate": 0.0,
        "entropy_norm": 0.993718944757206,
        "hhi": 0.0860375,
        "destination_distribution": {
          "GEO_node_10008257217": 37,
          "GEO_node_4581729090": 44,
          "GEO_node_698541835": 32,
          "GEO_node_10578185742": 31,
          "GEO_node_6798591056": 29,
          "GEO_node_6249168537": 45,
          "GEO_node_5588170686": 28,
          "GEO_node_8891939522": 38,
          "GEO_node_9447253609": 31,
          "GEO_node_8191042341": 31,
          "GEO_node_8416005417": 28,
          "GEO_node_7930813009": 26
        }
      },
      "composite": {
        "composite_score": 1.6,
        "reward_norm": 1.0,
        "travel_norm": 1.0,
        "wait_norm": 0.0,
        "hhi_norm": 0.0,
        "entropy_gap_norm": 0.0,
        "overload_norm": 0.0
      }
    }
  ],
  "ranking": [
    {
      "policy": "ppo",
      "metrics": {
        "avg_reward_per_episode": -61.05000000000001,
        "avg_overloads_per_episode": 0.0,
        "avg_travel": 21.3375,
        "avg_wait": 54.975,
        "failure_rate": 0.0,
        "fallback_rate": 0.0,
        "entropy_norm": 0.9920993798346656,
        "hhi": 0.20500000000000002,
        "destination_distribution": {
          "GEO_node_7930813009": 95,
          "GEO_node_698541835": 90,
          "GEO_node_8891939522": 85,
          "GEO_node_6249168537": 65,
          "GEO_node_8416005417": 65
        }
      }
    },
    {
      "policy": "heuristic",
      "metrics": {
        "avg_reward_per_episode": -62.289999999999985,